plan_type,antn1a_fee,antn1b_fee,antn2_fee,delivery_fee,total_antn1a_route,total_antn1b_route
KEYCARE,12000.0,6000.0,9600.0,26400.000000000004,48000,42000.0
SMART,12500.0,6250.0,10000.0,27500.000000000004,50000,43750.0
COASTAL_ESSENTIAL,13000.0,6500.0,10400.0,28600.000000000004,52000,45500.0
CLASSIC,13750.0,6875.0,11000.0,30250.000000000004,55000,48125.0
EXECUTIVE,14500.0,7250.0,11600.0,31900.000000000004,58000,50750.0
